citing_paper,author_name,author_scholar_url
A Comparison of OFDM Techniques in Massive MIMO on Data Throughput and Spectral Efficiency in Digital Wireless Communication Systems,Samson Dauda Yusuf,None
A Comparison of OFDM Techniques in Massive MIMO on Data Throughput and Spectral Efficiency in Digital Wireless Communication Systems,Lukman Femi Egbebi,None
A Comparison of OFDM Techniques in Massive MIMO on Data Throughput and Spectral Efficiency in Digital Wireless Communication Systems,Sule Idris Isah,None
A Tale of Many Networks: Splitting and Merging of Chord-like Overlays in Partitioned Networks,Tobias Amft,None
A Tale of Many Networks: Splitting and Merging of Chord-like Overlays in Partitioned Networks,Kalman Graffi,https://scholar.google.com/citations?user=_1NZanMAAAAJ
An Idleness-and Failure-Tolerant Pipeline Broadcast Protocol for MPI,X Qin,https://scholar.google.com/citations?user=OpCupmoAAAAJ
An efficient open-source design and implementation framework for non-quantized CNNs on FPGAs,Angelos Athanasiadis,https://scholar.google.com/citations?user=Q43S-SkAAAAJ
An efficient open-source design and implementation framework for non-quantized CNNs on FPGAs,Nikolaos Tampouratzis,https://scholar.google.com/citations?user=e6vqx9gAAAAJ
An efficient open-source design and implementation framework for non-quantized CNNs on FPGAs,Ioannis Papaefstathiou,https://scholar.google.com/citations?user=jq4uw3QAAAAJ
Analyzing the Impact of Kernel Fusion on GPU Tensor Operation Performance: A Systematic Performance Study,Matija Dodović,https://scholar.google.com/citations?user=5i3nVk8AAAAJ
Analyzing the Impact of Kernel Fusion on GPU Tensor Operation Performance: A Systematic Performance Study,Milica Veselinović,None
Analyzing the Impact of Kernel Fusion on GPU Tensor Operation Performance: A Systematic Performance Study,Marko Mišić,https://scholar.google.com/citations?user=_cjUcF0AAAAJ
Beyond compensation: A holistic approach to employee retention in the era of remote work and technological change,Shilpa Shinde,https://scholar.google.com/citations?user=4GAKY4sAAAAJ
Deep Learning-Based 30-Day Mortality Prediction in Critically Ill Bone and Bone Marrow Metastasis Patients: A Multicenter Retrospective Cohort Study,Yixi Wang,None
Deep Learning-Based 30-Day Mortality Prediction in Critically Ill Bone and Bone Marrow Metastasis Patients: A Multicenter Retrospective Cohort Study,Lintao Xia,https://scholar.google.com/citations?user=M8HO_msAAAAJ
Deep Learning-Based 30-Day Mortality Prediction in Critically Ill Bone and Bone Marrow Metastasis Patients: A Multicenter Retrospective Cohort Study,Yuqiao Tang,https://scholar.google.com/citations?user=LpKkl8gAAAAJ
Deep Learning-Based 30-Day Mortality Prediction in Critically Ill Bone and Bone Marrow Metastasis Patients: A Multicenter Retrospective Cohort Study,Wenzhe Li,None
Deep Learning-Based 30-Day Mortality Prediction in Critically Ill Bone and Bone Marrow Metastasis Patients: A Multicenter Retrospective Cohort Study,Jian Cui,None
Deep Learning-Based 30-Day Mortality Prediction in Critically Ill Bone and Bone Marrow Metastasis Patients: A Multicenter Retrospective Cohort Study,Xinkai Luo,None
Deep Learning-Based 30-Day Mortality Prediction in Critically Ill Bone and Bone Marrow Metastasis Patients: A Multicenter Retrospective Cohort Study,Hongyuan Jiang,None
Deep Learning-Based 30-Day Mortality Prediction in Critically Ill Bone and Bone Marrow Metastasis Patients: A Multicenter Retrospective Cohort Study,Yuqian Li,None
Fundamental Blocks for Establishing Secure and Scalable Continual Learning within Contemporary AI Systems,GA Tahir,https://scholar.google.com/citations?user=UADa6E0AAAAJ
GEMM-ArchProfiler: A simulation framework for hardware-level profiling and performance analysis of General Matrix Multiplication in real CNN workloads on …,Binu Ayyappan,None
GEMM-ArchProfiler: A simulation framework for hardware-level profiling and performance analysis of General Matrix Multiplication in real CNN workloads on …,G. Santhosh Kumar,None
Hierarchical Deep Learning Model for Identifying Similar Targets in UAV Imagery,Dmytro Borovyk,None
Hierarchical Deep Learning Model for Identifying Similar Targets in UAV Imagery,Oleksander Barmak,https://scholar.google.com/citations?user=pl4wbzoAAAAJ
Hierarchical Deep Learning Model for Identifying Similar Targets in UAV Imagery,Pavlo Radiuk,https://scholar.google.com/citations?user=qmxDbPoAAAAJ
Hierarchical Deep Learning Model for Identifying Similar Targets in UAV Imagery,Iurii Krak,https://scholar.google.com/citations?user=oJB9PpYAAAAJ
Improving K-Means Clustering: A Comparative Study of Parallelized Version of Modified K-Means Algorithm for Clustering of Satellite Images,Yuv Raj Pant,None
Improving K-Means Clustering: A Comparative Study of Parallelized Version of Modified K-Means Algorithm for Clustering of Satellite Images,Larry Leigh,https://scholar.google.com/citations?user=YBgl3ugAAAAJ
Improving K-Means Clustering: A Comparative Study of Parallelized Version of Modified K-Means Algorithm for Clustering of Satellite Images,Juliana Fajardo Rueda,None
New techniques for the Reliability Evaluation of AI-oriented Hardware Accelerators,RA Limas Sierra,https://scholar.google.com/citations?user=fVZYxQEAAAAJ
"On Bayesian Methods for Black-Box Optimization: Efficiency, Adaptation and Reliability",Y Zhang,https://scholar.google.com/citations?user=eMW64akAAAAJ
The prediction of the resistant starch production using transformer-based deep learning models,Maryam Mousavifard,https://scholar.google.com/citations?user=9tDXEbMAAAAJ
The prediction of the resistant starch production using transformer-based deep learning models,Mehran Sayadi,https://scholar.google.com/citations?user=55ifc-kAAAAJ
The prediction of the resistant starch production using transformer-based deep learning models,Elahe Abedi,https://scholar.google.com/citations?user=--C19VcAAAAJ
The prediction of the resistant starch production using transformer-based deep learning models,Seyed Mohammad Bagher Hashemi,None
Verwendungsnachweis DaREXA-F Teil II,D Jimenèz,https://scholar.google.com/citations?user=8K6QF4MAAAAJ
Verwendungsnachweis DaREXA-F Teil II,E Laure,https://scholar.google.com/citations?user=dngoAJ8AAAAJ
"What to Support when You're Compressing: The State of Practice, Gaps, and Opportunities for Scientific Data Compression",F Cappello,https://scholar.google.com/citations?user=z5u02kIAAAAJ
"What to Support when You're Compressing: The State of Practice, Gaps, and Opportunities for Scientific Data Compression",R Underwood,https://scholar.google.com/citations?user=GbhfWUIAAAAJ
"What to Support when You're Compressing: The State of Practice, Gaps, and Opportunities for Scientific Data Compression",Y Alexeev,https://scholar.google.com/citations?user=ovpBwPIAAAAJ
"What to Support when You're Compressing: The State of Practice, Gaps, and Opportunities for Scientific Data Compression",A Baker,https://scholar.google.com/citations?user=wdM8xCYAAAAJ
面向飞腾处理器平台的快速卷积算法优化,NOT_FOUND,None
A Federated Learning-based Aflatoxin M1 Prediction Model Under a Data Enhancement Strategy,Long Wang,None
A Federated Learning-based Aflatoxin M1 Prediction Model Under a Data Enhancement Strategy,Xiaodong Song,None
A Federated Learning-based Aflatoxin M1 Prediction Model Under a Data Enhancement Strategy,Haohan Ding,https://scholar.google.com/citations?user=cPIs_VIAAAAJ
A Federated Learning-based Aflatoxin M1 Prediction Model Under a Data Enhancement Strategy,Xiaohui Cui,https://scholar.google.com/citations?user=3NffkcYAAAAJ
A Federated Learning-based Aflatoxin M1 Prediction Model Under a Data Enhancement Strategy,David I. Wilson,None
A Federated Learning-based Aflatoxin M1 Prediction Model Under a Data Enhancement Strategy,Wei Yu,None
A Federated Learning-based Aflatoxin M1 Prediction Model Under a Data Enhancement Strategy,Yinghao Yang,None
A Federated Learning-based Aflatoxin M1 Prediction Model Under a Data Enhancement Strategy,Guanjun Dong,None
A Memory-Efficient and Computation-Balanced Lossy Compressor on Wafer-Scale Engine,Shihui Song,https://scholar.google.com/citations?user=eeiMAa8AAAAJ
A Memory-Efficient and Computation-Balanced Lossy Compressor on Wafer-Scale Engine,Robert Underwood,https://scholar.google.com/citations?user=GbhfWUIAAAAJ
A Memory-Efficient and Computation-Balanced Lossy Compressor on Wafer-Scale Engine,Sheng Di,https://scholar.google.com/citations?user=zh3foWUAAAAJ
A Memory-Efficient and Computation-Balanced Lossy Compressor on Wafer-Scale Engine,Yafan Huang,https://scholar.google.com/citations?user=r8qwkW8AAAAJ
A Memory-Efficient and Computation-Balanced Lossy Compressor on Wafer-Scale Engine,Peng Jiang,None
A Memory-Efficient and Computation-Balanced Lossy Compressor on Wafer-Scale Engine,Franck Cappello,None
A Perpetual Compression Scheme for Delay Tolerant Communication,Sanku Kumar Roy,None
A Perpetual Compression Scheme for Delay Tolerant Communication,Ioanis Nikolaidis,https://scholar.google.com/citations?user=GXSdAk0AAAAJ
A greedy consensus-based approach to distributed job selection: toward fully-decentralized workload management system,Komal Thareja,https://scholar.google.com/citations?user=yosNnw0AAAAJ
A greedy consensus-based approach to distributed job selection: toward fully-decentralized workload management system,Krishnan Raghavan,https://scholar.google.com/citations?user=AQUdlTMAAAAJ
A greedy consensus-based approach to distributed job selection: toward fully-decentralized workload management system,Anirban Mandal,https://scholar.google.com/citations?user=lwdMUeQAAAAJ
A greedy consensus-based approach to distributed job selection: toward fully-decentralized workload management system,Pawel Zuk,None
A greedy consensus-based approach to distributed job selection: toward fully-decentralized workload management system,Imtiaz Mahmud,None
A greedy consensus-based approach to distributed job selection: toward fully-decentralized workload management system,Mariam Kiran,None
A greedy consensus-based approach to distributed job selection: toward fully-decentralized workload management system,Ewa Deelman,None
A hybrid PCA-PR-Seq2Seq-Adam-LSTM framework for time-series power outage prediction,S Das,https://scholar.google.com/citations?user=f9abrtgAAAAJ
A hybrid PCA-PR-Seq2Seq-Adam-LSTM framework for time-series power outage prediction,B Khan,https://scholar.google.com/citations?user=leS0sXoAAAAJ
A survey on error-bounded lossy compression for scientific datasets,S Di,https://scholar.google.com/citations?user=zh3foWUAAAAJ
A survey on error-bounded lossy compression for scientific datasets,J Liu,https://scholar.google.com/citations?user=7X0j6LYAAAAJ
A survey on error-bounded lossy compression for scientific datasets,K Zhao,https://scholar.google.com/citations?user=etsusEoAAAAJ
A survey on error-bounded lossy compression for scientific datasets,X Liang,https://scholar.google.com/citations?user=QRj1QroAAAAJ
A survey on error-bounded lossy compression for scientific datasets,R Underwood,https://scholar.google.com/citations?user=GbhfWUIAAAAJ
AI-optimized GRU-based self-attention model for predictive diabetes staging in IoT healthcare 5.0,Liang Zhou,None
AI-optimized GRU-based self-attention model for predictive diabetes staging in IoT healthcare 5.0,Brij B. Gupta,None
AI-optimized GRU-based self-attention model for predictive diabetes staging in IoT healthcare 5.0,Akshat Gaurav,None
AI-optimized GRU-based self-attention model for predictive diabetes staging in IoT healthcare 5.0,Razaz Waheeb Attar,None
AI-optimized GRU-based self-attention model for predictive diabetes staging in IoT healthcare 5.0,Ahmed Alhomoud,None
AI-optimized GRU-based self-attention model for predictive diabetes staging in IoT healthcare 5.0,Varsha Arya,None
AI-optimized GRU-based self-attention model for predictive diabetes staging in IoT healthcare 5.0,Ching-Hsien Hsu,None
Adaptive soft error protection for neural network processing,Xinghua Xue,None
Adaptive soft error protection for neural network processing,Cheng Liu,https://scholar.google.com/citations?user=LVWU_VQAAAAJ
Adaptive soft error protection for neural network processing,Feng Min,None
Adaptive soft error protection for neural network processing,Hui Li,None
Adaptive soft error protection for neural network processing,Kai Zhang,None
Adaptive soft error protection for neural network processing,Yinhe Han,None
ApproxABFT: Approximate Algorithm-Based Fault Tolerance for Neural Network Processing,C Liu,https://scholar.google.com/citations?user=LVWU_VQAAAAJ
ApproxABFT: Approximate Algorithm-Based Fault Tolerance for Neural Network Processing,T Luo,https://scholar.google.com/citations?user=d4KZI8MAAAAJ
ApproxABFT: Approximate Algorithm-Based Fault Tolerance for Neural Network Processing,Y Han,https://scholar.google.com/citations?user=t40cM-4AAAAJ
Architectural-Aware Performance Optimization: From the Foundational Math Library to Cutting-Edge Applications,Y Zhai,https://scholar.google.com/citations?user=Op1bp3UAAAAJ
AttnBoost: Retail Supply Chain Sales Insights via Gradient Boosting Perspective,H Ma,https://scholar.google.com/citations?user=cGrjMFAAAAAJ
AttnBoost: Retail Supply Chain Sales Insights via Gradient Boosting Perspective,Y Liu,https://scholar.google.com/citations?user=0FmKJhMAAAAJ
AttnBoost: Retail Supply Chain Sales Insights via Gradient Boosting Perspective,YA Moe,https://scholar.google.com/citations?user=IZcq-KIAAAAJ
Attn‐BiGRU: Angular‐aware attention with curriculum learning for adaptive beamforming,Ridha Ilyas Bendjillali,None
Attn‐BiGRU: Angular‐aware attention with curriculum learning for adaptive beamforming,Mohammed Sofiane Bendelhoum,None
Attn‐BiGRU: Angular‐aware attention with curriculum learning for adaptive beamforming,Miloud Kamline,https://scholar.google.com/citations?user=JS1b3bsAAAAJ
Attn‐BiGRU: Angular‐aware attention with curriculum learning for adaptive beamforming,Asma Ouardas,None
Attn‐BiGRU: Angular‐aware attention with curriculum learning for adaptive beamforming,Mohamed Rida Lahcene,None
Attn‐BiGRU: Angular‐aware attention with curriculum learning for adaptive beamforming,Fadila Amel Miloudi,None
Automatic Parameter Tuning for CUTLASS Matrix Multiplication Based on Multi-Task Learning with DSSM,Shiyu Wang,None
Automatic Parameter Tuning for CUTLASS Matrix Multiplication Based on Multi-Task Learning with DSSM,Xin Zhou,None
Automatic Parameter Tuning for CUTLASS Matrix Multiplication Based on Multi-Task Learning with DSSM,Jianpeng Sun,https://scholar.google.com/citations?user=rGmz1wMAAAAJ
BMQSim: Overcoming Memory Constraints in Quantum Circuit Simulation with a High-Fidelity Compression Framework,Boyuan Zhang,https://scholar.google.com/citations?user=GKlJrYYAAAAJ
BMQSim: Overcoming Memory Constraints in Quantum Circuit Simulation with a High-Fidelity Compression Framework,Bo Fang,https://scholar.google.com/citations?user=50k_hl8AAAAJ
BMQSim: Overcoming Memory Constraints in Quantum Circuit Simulation with a High-Fidelity Compression Framework,Fanjiang Ye,https://scholar.google.com/citations?user=87u1ugYAAAAJ
BMQSim: Overcoming Memory Constraints in Quantum Circuit Simulation with a High-Fidelity Compression Framework,Luanzheng Guo,https://scholar.google.com/citations?user=Pn8sRZ0AAAAJ
BMQSim: Overcoming Memory Constraints in Quantum Circuit Simulation with a High-Fidelity Compression Framework,Fengguang Song,https://scholar.google.com/citations?user=BoVnm1wAAAAJ
BMQSim: Overcoming Memory Constraints in Quantum Circuit Simulation with a High-Fidelity Compression Framework,Nathan Tallent,None
BMQSim: Overcoming Memory Constraints in Quantum Circuit Simulation with a High-Fidelity Compression Framework,Dingwen Tao,None
Beating vDSP: A 138 GFLOPS radix-8 Stockham FFT on Apple Silicon via two-tier register-threadgroup memory decomposition,MA Bergach,https://scholar.google.com/citations?user=JbpWxZYAAAAJ
Benchmarking Cutting-Edge Scientific Error-Bounded Lossy Compressors on Correlation-Based Rate-Distortion,Ziwei Qiu,https://scholar.google.com/citations?user=-LmdfGcAAAAJ
Benchmarking Cutting-Edge Scientific Error-Bounded Lossy Compressors on Correlation-Based Rate-Distortion,Jinyang Liu,https://scholar.google.com/citations?user=7X0j6LYAAAAJ
Benchmarking Cutting-Edge Scientific Error-Bounded Lossy Compressors on Correlation-Based Rate-Distortion,Kai Zhao,https://scholar.google.com/citations?user=etsusEoAAAAJ
Benchmarking Cutting-Edge Scientific Error-Bounded Lossy Compressors on Correlation-Based Rate-Distortion,Robert Underwood,https://scholar.google.com/citations?user=GbhfWUIAAAAJ
Benchmarking Cutting-Edge Scientific Error-Bounded Lossy Compressors on Correlation-Based Rate-Distortion,Sheng Di,https://scholar.google.com/citations?user=zh3foWUAAAAJ
Boosting scientific error-bounded lossy compression through optimized synergistic lossy-lossless orchestration,Shixun Wu,https://scholar.google.com/citations?user=MFWUo10AAAAJ
Boosting scientific error-bounded lossy compression through optimized synergistic lossy-lossless orchestration,Jinwen Pan,https://scholar.google.com/citations?user=aZblD2cAAAAJ
Boosting scientific error-bounded lossy compression through optimized synergistic lossy-lossless orchestration,Jinyang Liu,https://scholar.google.com/citations?user=7X0j6LYAAAAJ
Boosting scientific error-bounded lossy compression through optimized synergistic lossy-lossless orchestration,Jiannan Tian,https://scholar.google.com/citations?user=Si2zZaIAAAAJ
Boosting scientific error-bounded lossy compression through optimized synergistic lossy-lossless orchestration,Ziwei Qiu,https://scholar.google.com/citations?user=-LmdfGcAAAAJ
Boosting scientific error-bounded lossy compression through optimized synergistic lossy-lossless orchestration,Jiajun Huang,https://scholar.google.com/citations?user=lv5EK6AAAAAJ
Boosting scientific error-bounded lossy compression through optimized synergistic lossy-lossless orchestration,Kai Zhao,None
Boosting scientific error-bounded lossy compression through optimized synergistic lossy-lossless orchestration,Xin Liang,None
Boosting scientific error-bounded lossy compression through optimized synergistic lossy-lossless orchestration,Sheng Di,None
Boosting scientific error-bounded lossy compression through optimized synergistic lossy-lossless orchestration,Zizhong Chen,None
Boosting scientific error-bounded lossy compression through optimized synergistic lossy-lossless orchestration,Franck Cappello,None
CCL-D: A High-Precision Diagnostic System for Slow and Hang Anomalies in Large-Scale Model Training,Yida Gu,None
CCL-D: A High-Precision Diagnostic System for Slow and Hang Anomalies in Large-Scale Model Training,Fakang Wang,None
CCL-D: A High-Precision Diagnostic System for Slow and Hang Anomalies in Large-Scale Model Training,Jianhao Fu,None
CCL-D: A High-Precision Diagnostic System for Slow and Hang Anomalies in Large-Scale Model Training,Zhenhang Sun,None
CCL-D: A High-Precision Diagnostic System for Slow and Hang Anomalies in Large-Scale Model Training,Qianyu Zhang,https://scholar.google.com/citations?user=tVI-FVAAAAAJ
CCL-D: A High-Precision Diagnostic System for Slow and Hang Anomalies in Large-Scale Model Training,Hairui Zhao,https://scholar.google.com/citations?user=bERytNsAAAAJ
CCL-D: A High-Precision Diagnostic System for Slow and Hang Anomalies in Large-Scale Model Training,Xingchen Liu,None
CCL-D: A High-Precision Diagnostic System for Slow and Hang Anomalies in Large-Scale Model Training,Yang Tian,None
CCL-D: A High-Precision Diagnostic System for Slow and Hang Anomalies in Large-Scale Model Training,Wenjing Huang,None
CCL-D: A High-Precision Diagnostic System for Slow and Hang Anomalies in Large-Scale Model Training,Zedong Liu,None
CCL-D: A High-Precision Diagnostic System for Slow and Hang Anomalies in Large-Scale Model Training,Yifan Chen,None
CCL-D: A High-Precision Diagnostic System for Slow and Hang Anomalies in Large-Scale Model Training,Jinwu Yang,None
CCL-D: A High-Precision Diagnostic System for Slow and Hang Anomalies in Large-Scale Model Training,Yueyuan Zhou,None
CCL-D: A High-Precision Diagnostic System for Slow and Hang Anomalies in Large-Scale Model Training,Qian Zhao,None
CCL-D: A High-Precision Diagnostic System for Slow and Hang Anomalies in Large-Scale Model Training,Haoxu Li,None
CCL-D: A High-Precision Diagnostic System for Slow and Hang Anomalies in Large-Scale Model Training,Tao Wang,None
CCL-D: A High-Precision Diagnostic System for Slow and Hang Anomalies in Large-Scale Model Training,Feng Yu,None
CCL-D: A High-Precision Diagnostic System for Slow and Hang Anomalies in Large-Scale Model Training,Zhan Wang,None
CCL-D: A High-Precision Diagnostic System for Slow and Hang Anomalies in Large-Scale Model Training,Guangming Tan,None
CCL-D: A High-Precision Diagnostic System for Slow and Hang Anomalies in Large-Scale Model Training,Dingwen Tao,None
COCCL: A Collective Communication Library Supporting Easy Integration and Configuration of Customized Compression for Scalable LLM Training,Xingchen Liu,None
COCCL: A Collective Communication Library Supporting Easy Integration and Configuration of Customized Compression for Scalable LLM Training,Haoran Kong,None
COCCL: A Collective Communication Library Supporting Easy Integration and Configuration of Customized Compression for Scalable LLM Training,Hairui Zhao,https://scholar.google.com/citations?user=bERytNsAAAAJ
COCCL: A Collective Communication Library Supporting Easy Integration and Configuration of Customized Compression for Scalable LLM Training,Shengkai Lyu,None
COCCL: A Collective Communication Library Supporting Easy Integration and Configuration of Customized Compression for Scalable LLM Training,Zheng Wei,https://scholar.google.com/citations?user=sn6xv3IAAAAJ
COCCL: A Collective Communication Library Supporting Easy Integration and Configuration of Customized Compression for Scalable LLM Training,Man Liu,None
COCCL: A Collective Communication Library Supporting Easy Integration and Configuration of Customized Compression for Scalable LLM Training,Xingjian Tian,None
COCCL: A Collective Communication Library Supporting Easy Integration and Configuration of Customized Compression for Scalable LLM Training,Liyang Zhao,None
COCCL: A Collective Communication Library Supporting Easy Integration and Configuration of Customized Compression for Scalable LLM Training,Zhuohan Chen,None
COCCL: A Collective Communication Library Supporting Easy Integration and Configuration of Customized Compression for Scalable LLM Training,Fakang Wang,None
COCCL: A Collective Communication Library Supporting Easy Integration and Configuration of Customized Compression for Scalable LLM Training,Zizhong Chen,None
COCCL: A Collective Communication Library Supporting Easy Integration and Configuration of Customized Compression for Scalable LLM Training,Zhan Wang,None
COCCL: A Collective Communication Library Supporting Easy Integration and Configuration of Customized Compression for Scalable LLM Training,Guangming Tan,None
COCCL: A Collective Communication Library Supporting Easy Integration and Configuration of Customized Compression for Scalable LLM Training,Dingwen Tao,None
CUSZ-i: High-ratio scientific lossy compression on GPUs with optimized multi-level interpolation,Jinyang Liu,https://scholar.google.com/citations?user=7X0j6LYAAAAJ
CUSZ-i: High-ratio scientific lossy compression on GPUs with optimized multi-level interpolation,Jiannan Tian,https://scholar.google.com/citations?user=Si2zZaIAAAAJ
CUSZ-i: High-ratio scientific lossy compression on GPUs with optimized multi-level interpolation,Shixun Wu,https://scholar.google.com/citations?user=MFWUo10AAAAJ
CUSZ-i: High-ratio scientific lossy compression on GPUs with optimized multi-level interpolation,Sheng Di,https://scholar.google.com/citations?user=zh3foWUAAAAJ
CUSZ-i: High-ratio scientific lossy compression on GPUs with optimized multi-level interpolation,Boyuan Zhang,https://scholar.google.com/citations?user=GKlJrYYAAAAJ
CUSZ-i: High-ratio scientific lossy compression on GPUs with optimized multi-level interpolation,Robert Underwood,None
CUSZ-i: High-ratio scientific lossy compression on GPUs with optimized multi-level interpolation,Yafan Huang,None
CUSZ-i: High-ratio scientific lossy compression on GPUs with optimized multi-level interpolation,Jiajun Huang,None
CUSZ-i: High-ratio scientific lossy compression on GPUs with optimized multi-level interpolation,Kai Zhao,None
CUSZ-i: High-ratio scientific lossy compression on GPUs with optimized multi-level interpolation,Guanpeng Li,None
CUSZ-i: High-ratio scientific lossy compression on GPUs with optimized multi-level interpolation,Dingwen Tao,None
CUSZ-i: High-ratio scientific lossy compression on GPUs with optimized multi-level interpolation,Zizhong Chen,None
CUSZ-i: High-ratio scientific lossy compression on GPUs with optimized multi-level interpolation,Franck Cappello,None
Checkpointing fine-tuning for accelerating seismic applications in GPUs,Thiago Maltempi,https://scholar.google.com/citations?user=EXoO63AAAAAJ
Checkpointing fine-tuning for accelerating seismic applications in GPUs,Sandro Rigo,https://scholar.google.com/citations?user=7vt1JPgAAAAJ
Checkpointing fine-tuning for accelerating seismic applications in GPUs,Marcio Pereira,None
Checkpointing fine-tuning for accelerating seismic applications in GPUs,Hervé Yviquel,None
Checkpointing fine-tuning for accelerating seismic applications in GPUs,Gustavo Leite,None
Checkpointing fine-tuning for accelerating seismic applications in GPUs,Orlando Lee,None
Checkpointing fine-tuning for accelerating seismic applications in GPUs,Jessé Costa,None
Checkpointing fine-tuning for accelerating seismic applications in GPUs,Guido Araujo,None
Classical simulation of quantum circuits: Parallel environments and benchmark,Xiao-Yang Liu,None
Classical simulation of quantum circuits: Parallel environments and benchmark,Zeliang Zhang,https://scholar.google.com/citations?user=7nLfsSgAAAAJ
Data reuse and locality optimization method based on GEMM,Luochen Jin,None
Data reuse and locality optimization method based on GEMM,Xiaoyan Xie,None
Data reuse and locality optimization method based on GEMM,Jinhao Yu,None
Data reuse and locality optimization method based on GEMM,Xun Ren,None
Decentralized learning based on gradient coding with compressed communication,Chengxi Li,https://scholar.google.com/citations?user=elsum5sAAAAJ
DeepCQ: General-Purpose Deep-Surrogate Framework for Lossy Compression Quality Prediction,KM Mumenin,https://scholar.google.com/citations?user=ROxp-uQAAAAJ
DeepCQ: General-Purpose Deep-Surrogate Framework for Lossy Compression Quality Prediction,R Underwood,https://scholar.google.com/citations?user=GbhfWUIAAAAJ
DeepCQ: General-Purpose Deep-Surrogate Framework for Lossy Compression Quality Prediction,D Dai,https://scholar.google.com/citations?user=wGF_4JsAAAAJ
DeepCQ: General-Purpose Deep-Surrogate Framework for Lossy Compression Quality Prediction,J Wang,https://scholar.google.com/citations?user=otnPh2IAAAAJ
Delta-Attention-Based Deep Learning Model for Diabetes Prediction in Consumer Health Monitoring Systems,Varsha Arya,None
Delta-Attention-Based Deep Learning Model for Diabetes Prediction in Consumer Health Monitoring Systems,Akshat Gaurav,None
Delta-Attention-Based Deep Learning Model for Diabetes Prediction in Consumer Health Monitoring Systems,Priyanka Chaurasia,https://scholar.google.com/citations?user=ZcFN7iUAAAAJ
Delta-Attention-Based Deep Learning Model for Diabetes Prediction in Consumer Health Monitoring Systems,Kwok Tai Chui,None
Delta-Attention-Based Deep Learning Model for Diabetes Prediction in Consumer Health Monitoring Systems,Brij B. Gupta,None
Delta-Attention-Based Deep Learning Model for Diabetes Prediction in Consumer Health Monitoring Systems,Ramakrishnan Raman,None
Design and Implementation of High Reliability Heterogeneous Software Architecture Based on SoC Chip,Hengxiang He,None
Design and Implementation of High Reliability Heterogeneous Software Architecture Based on SoC Chip,Yiqian Huang,None
Design and Implementation of High Reliability Heterogeneous Software Architecture Based on SoC Chip,Yuhang Xing,None
Dgro: diameter-guided ring optimization for integrated research infrastructure membership,S Wu,https://scholar.google.com/citations?user=MFWUo10AAAAJ
Dgro: diameter-guided ring optimization for integrated research infrastructure membership,K Raghavan,https://scholar.google.com/citations?user=AQUdlTMAAAAJ
Dgro: diameter-guided ring optimization for integrated research infrastructure membership,S Di,https://scholar.google.com/citations?user=zh3foWUAAAAJ
Dgro: diameter-guided ring optimization for integrated research infrastructure membership,Z Chen,https://scholar.google.com/citations?user=AvanGFkAAAAJ
EXaCTz: Guaranteed Extremum Graph and Contour Tree Preservation for Distributed-and GPU-Parallel Lossy Compression,Y Li,https://scholar.google.com/citations?user=pLf2rx0AAAAJ
EXaCTz: Guaranteed Extremum Graph and Contour Tree Preservation for Distributed-and GPU-Parallel Lossy Compression,M Xia,https://scholar.google.com/citations?user=_lXYqZUAAAAJ
EXaCTz: Guaranteed Extremum Graph and Contour Tree Preservation for Distributed-and GPU-Parallel Lossy Compression,X Liang,https://scholar.google.com/citations?user=QRj1QroAAAAJ
EXaCTz: Guaranteed Extremum Graph and Contour Tree Preservation for Distributed-and GPU-Parallel Lossy Compression,B Wang,https://scholar.google.com/citations?user=Tt0eBesAAAAJ
EXaCTz: Guaranteed Extremum Graph and Contour Tree Preservation for Distributed-and GPU-Parallel Lossy Compression,H Guo,https://scholar.google.com/citations?user=-JKuWIYAAAAJ
Early Prediction of Pathologic Complete Response to Neoadjuvant Chemotherapy in Breast Cancer Based on Multimodal Ultrasound and Pathological Image,Zhigang Zhu,None
Enabling Homomorphic Analytical Operations on Compressed Scientific Data with Multi-stage Decompression,S Di,https://scholar.google.com/citations?user=zh3foWUAAAAJ
Enabling Homomorphic Analytical Operations on Compressed Scientific Data with Multi-stage Decompression,T Agarwal,https://scholar.google.com/citations?user=SL-9eBwAAAAJ
Enabling Homomorphic Analytical Operations on Compressed Scientific Data with Multi-stage Decompression,K Zhao,https://scholar.google.com/citations?user=etsusEoAAAAJ
Enabling Homomorphic Analytical Operations on Compressed Scientific Data with Multi-stage Decompression,X Liang,https://scholar.google.com/citations?user=QRj1QroAAAAJ
Enabling the Use of Approximate Memories in Quantized Large Language Models (LLMs): Dealing with Errors on the Scaling Factors,Zhen Gao,None
Enabling the Use of Approximate Memories in Quantized Large Language Models (LLMs): Dealing with Errors on the Scaling Factors,Qiang Liu,None
Enabling the Use of Approximate Memories in Quantized Large Language Models (LLMs): Dealing with Errors on the Scaling Factors,Jie Deng,None
Enabling the Use of Approximate Memories in Quantized Large Language Models (LLMs): Dealing with Errors on the Scaling Factors,Pedro Reviriego,None
Enabling the Use of Approximate Memories in Quantized Large Language Models (LLMs): Dealing with Errors on the Scaling Factors,Shanshan Liu,None
Enabling the Use of Approximate Memories in Quantized Large Language Models (LLMs): Dealing with Errors on the Scaling Factors,Fabrizio Lombardi,None
Error bounded compression for weather and climate applications,Langwen Huang,None
Error bounded compression for weather and climate applications,Torsten Hoefler,None
Error resilient transformers: A novel soft error vulnerability guided approach to error checking and suppression,Kwondo Ma,None
Error resilient transformers: A novel soft error vulnerability guided approach to error checking and suppression,Chandramouli Amarnath,None
Error resilient transformers: A novel soft error vulnerability guided approach to error checking and suppression,Abhijit Chatterjee,None
Error-controlled progressive retrieval of scientific data under derivable quantities of interest,Xuan Wu,None
Error-controlled progressive retrieval of scientific data under derivable quantities of interest,Qian Gong,None
Error-controlled progressive retrieval of scientific data under derivable quantities of interest,Jieyang Chen,None
Error-controlled progressive retrieval of scientific data under derivable quantities of interest,Qing Liu,None
Error-controlled progressive retrieval of scientific data under derivable quantities of interest,Norbert Podhorszki,None
Error-controlled progressive retrieval of scientific data under derivable quantities of interest,Xin Liang,None
Error-controlled progressive retrieval of scientific data under derivable quantities of interest,Scott Klasky,None
Extreme Error-bounded Compression of Scientific Data via Temporal Graph Autoencoders,Guozhong Li,None
Extreme Error-bounded Compression of Scientific Data via Temporal Graph Autoencoders,Muhannad Alhumaidi,None
Extreme Error-bounded Compression of Scientific Data via Temporal Graph Autoencoders,Spiros Skiadopoulos,None
Extreme Error-bounded Compression of Scientific Data via Temporal Graph Autoencoders,Ibrahim Hoteit,None
Extreme Error-bounded Compression of Scientific Data via Temporal Graph Autoencoders,Panos Kalnis,None
FLARE: A Dataflow-Aware and Scalable Hardware Architecture for Neural-Hybrid Scientific Lossy Compression,GS_ONLY,None
FORS: fault-adaptive optimized routing and scheduling for DAQ networks,Eloise Stein,None
FORS: fault-adaptive optimized routing and scheduling for DAQ networks,Quentin Bramas,None
FORS: fault-adaptive optimized routing and scheduling for DAQ networks,Flavio Pisani,None
FORS: fault-adaptive optimized routing and scheduling for DAQ networks,Tommaso Colombo,None
FORS: fault-adaptive optimized routing and scheduling for DAQ networks,Cristel Pelsser,None
FSFDLLM: Financial Statement Fraud Detection Aided by Large Language Models,Yumeng Dai,None
FSFDLLM: Financial Statement Fraud Detection Aided by Large Language Models,Yanyu Qian,None
FSFDLLM: Financial Statement Fraud Detection Aided by Large Language Models,Xiaoguang Wang,None
FSFDLLM: Financial Statement Fraud Detection Aided by Large Language Models,Yixin Liu,None
FSFDLLM: Financial Statement Fraud Detection Aided by Large Language Models,Chenxu Wang,None
FT-Transformer: Resilient and reliable transformer with end-to-end fault tolerant attention,Huangliang Dai,None
FT-Transformer: Resilient and reliable transformer with end-to-end fault tolerant attention,Shixun Wu,None
FT-Transformer: Resilient and reliable transformer with end-to-end fault tolerant attention,Jiajun Huang,None
FT-Transformer: Resilient and reliable transformer with end-to-end fault tolerant attention,Zizhe Jian,None
FT-Transformer: Resilient and reliable transformer with end-to-end fault tolerant attention,Yue Zhu,None
FT-Transformer: Resilient and reliable transformer with end-to-end fault tolerant attention,Haiyang Hu,None
FT-Transformer: Resilient and reliable transformer with end-to-end fault tolerant attention,Zizhong Chen,None
FZModules: A Heterogeneous Computing Framework for Customizable Scientific Data Compression Pipelines,Skyler Ruiter,None
FZModules: A Heterogeneous Computing Framework for Customizable Scientific Data Compression Pipelines,Jiannan Tian,None
FZModules: A Heterogeneous Computing Framework for Customizable Scientific Data Compression Pipelines,Fengguang Song,None
From 8 seconds to 370ms: Kernel-fused SAR imaging on Apple Silicon via single-dispatch FFT pipelines,GS_ONLY,None
Ft k-means: A high-performance k-means on gpu with fault tolerance,Shixun Wu,None
Ft k-means: A high-performance k-means on gpu with fault tolerance,Yitong Ding,None
Ft k-means: A high-performance k-means on gpu with fault tolerance,Yujia Zhai,None
Ft k-means: A high-performance k-means on gpu with fault tolerance,Jinyang Liu,None
Ft k-means: A high-performance k-means on gpu with fault tolerance,Jiajun Huang,None
Ft k-means: A high-performance k-means on gpu with fault tolerance,Zizhe Jian,None
Ft k-means: A high-performance k-means on gpu with fault tolerance,Huangliang Dai,None
Ft k-means: A high-performance k-means on gpu with fault tolerance,Sheng Di,None
Ft k-means: A high-performance k-means on gpu with fault tolerance,Bryan M. Wong,None
Ft k-means: A high-performance k-means on gpu with fault tolerance,Zizhong Chen,None
Ft k-means: A high-performance k-means on gpu with fault tolerance,Franck Cappello,None
Ft-blas: A fault tolerant high performance blas implementation on x86 cpus,Yujia Zhai,None
Ft-blas: A fault tolerant high performance blas implementation on x86 cpus,Elisabeth Giem,None
Ft-blas: A fault tolerant high performance blas implementation on x86 cpus,Kai Zhao,None
Ft-blas: A fault tolerant high performance blas implementation on x86 cpus,Jinyang Liu,None
Ft-blas: A fault tolerant high performance blas implementation on x86 cpus,Jiajun Huang,None
Ft-blas: A fault tolerant high performance blas implementation on x86 cpus,Bryan M. Wong,None
Ft-blas: A fault tolerant high performance blas implementation on x86 cpus,Christian R. Shelton,None
Ft-blas: A fault tolerant high performance blas implementation on x86 cpus,Zizhong Chen,None
Ft-gemm: A fault tolerant high performance gemm implementation on x86 cpus,Shixun Wu,None
Ft-gemm: A fault tolerant high performance gemm implementation on x86 cpus,Yujia Zhai,None
Ft-gemm: A fault tolerant high performance gemm implementation on x86 cpus,Jiajun Huang,None
Ft-gemm: A fault tolerant high performance gemm implementation on x86 cpus,Zizhe Jian,None
Ft-gemm: A fault tolerant high performance gemm implementation on x86 cpus,Zizhong Chen,None
GPU Lossy Compression for HPC Can Be Versatile and Ultra-Fast,Thomas Randall,None
Graphcomp: Extreme error-bounded compression of scientific data via temporal graph autoencoders,Guozhong Li,None
Graphcomp: Extreme error-bounded compression of scientific data via temporal graph autoencoders,Muhannad Alhumaidi,None
Graphcomp: Extreme error-bounded compression of scientific data via temporal graph autoencoders,Spiros Skiadopoulos,None
Graphcomp: Extreme error-bounded compression of scientific data via temporal graph autoencoders,Ibrahim Hoteit,None
Graphcomp: Extreme error-bounded compression of scientific data via temporal graph autoencoders,Panos Kalnis,None
Gwlz: A group-wise learning-based lossy compression framework for scientific data,Wenqi Jia,None
Gwlz: A group-wise learning-based lossy compression framework for scientific data,Sian Jin,None
Gwlz: A group-wise learning-based lossy compression framework for scientific data,Jinzhen Wang,None
Gwlz: A group-wise learning-based lossy compression framework for scientific data,Wei Niu,None
Gwlz: A group-wise learning-based lossy compression framework for scientific data,Dingwen Tao,None
Gwlz: A group-wise learning-based lossy compression framework for scientific data,Miao Yin,None
HALO: Hybrid Systolic Arrays via Logical Partitioning for Acceleration of Complex-Valued Neural Networks,Ji Yeong Yi,None
HALO: Hybrid Systolic Arrays via Logical Partitioning for Acceleration of Complex-Valued Neural Networks,Eunbi Jeong,None
HALO: Hybrid Systolic Arrays via Logical Partitioning for Acceleration of Complex-Valued Neural Networks,SungHee Yum,None
HALO: Hybrid Systolic Arrays via Logical Partitioning for Acceleration of Complex-Valued Neural Networks,Jane Rhee,None
HALO: Hybrid Systolic Arrays via Logical Partitioning for Acceleration of Complex-Valued Neural Networks,Sangun Choi,None
HALO: Hybrid Systolic Arrays via Logical Partitioning for Acceleration of Complex-Valued Neural Networks,Gunjae Koo,None
HALO: Hybrid Systolic Arrays via Logical Partitioning for Acceleration of Complex-Valued Neural Networks,Yunho Oh,None
HALO: Hybrid Systolic Arrays via Logical Partitioning for Acceleration of Complex-Valued Neural Networks,Myung Kuk Yoon,None
High speed simulation methods for multimode optical devices,GS_ONLY,None
IPComp: Interpolation Based Progressive Lossy Compression for Scientific Applications,Zhuoxun Yang,None
IPComp: Interpolation Based Progressive Lossy Compression for Scientific Applications,Sheng Di,None
IPComp: Interpolation Based Progressive Lossy Compression for Scientific Applications,Longtao Zhang,None
IPComp: Interpolation Based Progressive Lossy Compression for Scientific Applications,Ruoyu Li,None
IPComp: Interpolation Based Progressive Lossy Compression for Scientific Applications,Ximiao Li,None
IPComp: Interpolation Based Progressive Lossy Compression for Scientific Applications,Jiajun Huang,None
IPComp: Interpolation Based Progressive Lossy Compression for Scientific Applications,Jinyang Liu,None
IPComp: Interpolation Based Progressive Lossy Compression for Scientific Applications,Franck Cappello,None
IPComp: Interpolation Based Progressive Lossy Compression for Scientific Applications,Kai Zhao,None
Impact of MAC Unit Design Architectures and Their Applications in Modern Computing: An In-Depth Review,Sudheer Vishwakarma,None
Impact of MAC Unit Design Architectures and Their Applications in Modern Computing: An In-Depth Review,Zaheer Khan,None
Impact of MAC Unit Design Architectures and Their Applications in Modern Computing: An In-Depth Review,Janne J. Lehtomäki,None
ImplicitTerrainV2: Wavelet-Guided Spatially Adaptive Neural Terrain Representation,GS_ONLY,None
Improving the Efficiency of Interpolation-based Scientific Data Compressors with Adaptive Quantization Index Prediction,Pu Jiao,None
Improving the Efficiency of Interpolation-based Scientific Data Compressors with Adaptive Quantization Index Prediction,Sheng Di,None
Improving the Efficiency of Interpolation-based Scientific Data Compressors with Adaptive Quantization Index Prediction,Mingze Xia,None
Improving the Efficiency of Interpolation-based Scientific Data Compressors with Adaptive Quantization Index Prediction,Xuan Wu,None
Improving the Efficiency of Interpolation-based Scientific Data Compressors with Adaptive Quantization Index Prediction,Jinyang Liu,None
Improving the Efficiency of Interpolation-based Scientific Data Compressors with Adaptive Quantization Index Prediction,Xin Liang,None
Improving the Efficiency of Interpolation-based Scientific Data Compressors with Adaptive Quantization Index Prediction,Franck Cappello,None
K-spin ising model for combinatorial optimizations over graphs: A reinforcement learning approach,GS_ONLY,None
LLM Agents for Interactive Workflow Provenance: Reference Architecture and Evaluation Methodology,Renan Souza,None
LLM Agents for Interactive Workflow Provenance: Reference Architecture and Evaluation Methodology,Timothy Poteet,None
LLM Agents for Interactive Workflow Provenance: Reference Architecture and Evaluation Methodology,Brian Etz,None
LLM Agents for Interactive Workflow Provenance: Reference Architecture and Evaluation Methodology,Daniel Rosendo,None
LLM Agents for Interactive Workflow Provenance: Reference Architecture and Evaluation Methodology,Amal Gueroudji,None
LLM Agents for Interactive Workflow Provenance: Reference Architecture and Evaluation Methodology,Woong Shin,None
LLM Agents for Interactive Workflow Provenance: Reference Architecture and Evaluation Methodology,Prasanna Balaprakash,None
LLM Agents for Interactive Workflow Provenance: Reference Architecture and Evaluation Methodology,Rafael Ferreira da Silva,None
LLM-IARE: An Input-Aware Resilience Estimation Methodology for LLMs under Hardware Transient Faults,Jiajia Jiao,None
LLM-IARE: An Input-Aware Resilience Estimation Methodology for LLMs under Hardware Transient Faults,Tainian Zhou,None
LLM-IARE: An Input-Aware Resilience Estimation Methodology for LLMs under Hardware Transient Faults,Ran Wen,None
LLM-IARE: An Input-Aware Resilience Estimation Methodology for LLMs under Hardware Transient Faults,Yulian Li,None
LLM-IARE: An Input-Aware Resilience Estimation Methodology for LLMs under Hardware Transient Faults,Jin Liu,None
LLMComp: A Language Modeling Paradigm for Error-Bounded Scientific Data Compression,Guozhong Li,None
LLMComp: A Language Modeling Paradigm for Error-Bounded Scientific Data Compression,Muhannad Alhumaidi,None
LLMComp: A Language Modeling Paradigm for Error-Bounded Scientific Data Compression,Spiros Skiadopoulos,None
LLMComp: A Language Modeling Paradigm for Error-Bounded Scientific Data Compression,Panos Kalnis,None
LLMComp: A Language Modeling Paradigm for Error-Bounded Scientific Data Compression (Technical Report),Guozhong Li,None
LLMComp: A Language Modeling Paradigm for Error-Bounded Scientific Data Compression (Technical Report),Muhannad Alhumaidi,None
LLMComp: A Language Modeling Paradigm for Error-Bounded Scientific Data Compression (Technical Report),Spiros Skiadopoulos,None
LLMComp: A Language Modeling Paradigm for Error-Bounded Scientific Data Compression (Technical Report),Panos Kalnis,None
Lightweight AI-Enhanced Intrusion Detection System for Zero-Day Threat Detection in Consumer Electronics Devices,Akshat Gaurav,None
Lightweight AI-Enhanced Intrusion Detection System for Zero-Day Threat Detection in Consumer Electronics Devices,Varsha Arya,None
Lightweight AI-Enhanced Intrusion Detection System for Zero-Day Threat Detection in Consumer Electronics Devices,Jinsong Wu,None
Lightweight AI-Enhanced Intrusion Detection System for Zero-Day Threat Detection in Consumer Electronics Devices,Kowk Tai Chui,None
Lightweight AI-Enhanced Intrusion Detection System for Zero-Day Threat Detection in Consumer Electronics Devices,Brij B. Gupta,None
Lightweight Algorithm-Based Fault Tolerance (ABFT) for Resilient Machine Learning Systems,Duo Chai,None
Lightweight Algorithm-Based Fault Tolerance (ABFT) for Resilient Machine Learning Systems,Xinghua Xue,None
Lightweight Algorithm-Based Fault Tolerance (ABFT) for Resilient Machine Learning Systems,Songwei Pei,None
Lightweight Algorithm-Based Fault Tolerance (ABFT) for Resilient Machine Learning Systems,Cheng Liu,None
Lightweight CNN-Based Artifact Reduction for Scientific Error-bounded Lossy Compression,Zizhe Jian,None
Lightweight CNN-Based Artifact Reduction for Scientific Error-bounded Lossy Compression,Pu Jiao,None
Lightweight CNN-Based Artifact Reduction for Scientific Error-bounded Lossy Compression,Bohan Zhang,None
Lightweight CNN-Based Artifact Reduction for Scientific Error-bounded Lossy Compression,Sheng Di,None
Lightweight CNN-Based Artifact Reduction for Scientific Error-bounded Lossy Compression,Xin Liang,None
Lightweight CNN-Based Artifact Reduction for Scientific Error-bounded Lossy Compression,Guanpeng Li,None
Lightweight CNN-Based Artifact Reduction for Scientific Error-bounded Lossy Compression,Huangliang Dai,None
Lightweight CNN-Based Artifact Reduction for Scientific Error-bounded Lossy Compression,Zizhong Chen,None
Lightweight CNN-Based Artifact Reduction for Scientific Error-bounded Lossy Compression,Franck Cappello,None
Long-Term Prediction of Yarn Quality Characteristics Based on Neural Networks and Transfer Learning,GS_ONLY,None
Lossy Compression of Scientific Data: Applications Constrains and Requirements,GS_ONLY,None
Lundisim: Model Meshes for Flow Simulation and Scientific Data Compression Benchmarks,GS_ONLY,None
MGPU-FI: A Fault Injection Framework for Reliability Analysis of Multi-GPU System,Leiyu Zhang,None
MGPU-FI: A Fault Injection Framework for Reliability Analysis of Multi-GPU System,Jingweijia Tan,None
MGPU-FI: A Fault Injection Framework for Reliability Analysis of Multi-GPU System,Xiaohui Wei,None
MambaWDC: Efficient Weather Data Compression via Selective State Space Model,Xianxuan Lin,None
MambaWDC: Efficient Weather Data Compression via Selective State Space Model,Bailin Yang,None
MambaWDC: Efficient Weather Data Compression via Selective State Space Model,Zhigeng Pan,None
MambaWDC: Efficient Weather Data Compression via Selective State Space Model,Chuangxin Cai,None
MambaWDC: Efficient Weather Data Compression via Selective State Space Model,Shuang Wang,None
MambaWDC: Efficient Weather Data Compression via Selective State Space Model,Aditi Bhattarai,None
MambaWDC: Efficient Weather Data Compression via Selective State Space Model,Fan Meng,None
MemSens: Significantly Reducing Memory Overhead in Adjoint Sensitivity Analysis Using Novel Error-Bounded Lossy Compression,Chenxi Li,None
MemSens: Significantly Reducing Memory Overhead in Adjoint Sensitivity Analysis Using Novel Error-Bounded Lossy Compression,Yihang Feng,None
MemSens: Significantly Reducing Memory Overhead in Adjoint Sensitivity Analysis Using Novel Error-Bounded Lossy Compression,Fuxing Deng,None
MemSens: Significantly Reducing Memory Overhead in Adjoint Sensitivity Analysis Using Novel Error-Bounded Lossy Compression,Dingwen Tao,None
MemSens: Significantly Reducing Memory Overhead in Adjoint Sensitivity Analysis Using Novel Error-Bounded Lossy Compression,Weifeng Liu,None
MemSens: Significantly Reducing Memory Overhead in Adjoint Sensitivity Analysis Using Novel Error-Bounded Lossy Compression,Zhou Jin,None
Meteora: Multiple-tasks embedded lora for large language models,GS_ONLY,None
Minimized Mainlobe Width Beamforming Based on Sparse Optimization,liu hui,None
Multi-fidelity Bayesian optimization with across-task transferable max-value entropy search,Yunchuan Zhang,None
NeurLZ: An Online Neural Learning-Based Method to Enhance Scientific Lossy Compression,Wenqi Jia,None
NeurLZ: An Online Neural Learning-Based Method to Enhance Scientific Lossy Compression,Zhewen Hu,None
NeurLZ: An Online Neural Learning-Based Method to Enhance Scientific Lossy Compression,Youyuan Liu,None
NeurLZ: An Online Neural Learning-Based Method to Enhance Scientific Lossy Compression,Boyuan Zhang,None
NeurLZ: An Online Neural Learning-Based Method to Enhance Scientific Lossy Compression,Jinzhen Wang,None
NeurLZ: An Online Neural Learning-Based Method to Enhance Scientific Lossy Compression,Jinyang Liu,None
NeurLZ: An Online Neural Learning-Based Method to Enhance Scientific Lossy Compression,Wei Niu,None
NeurLZ: An Online Neural Learning-Based Method to Enhance Scientific Lossy Compression,Stavros Kalafatis,None
NeurLZ: An Online Neural Learning-Based Method to Enhance Scientific Lossy Compression,Junzhou Huang,None
NeurLZ: An Online Neural Learning-Based Method to Enhance Scientific Lossy Compression,Sian Jin,None
NeurLZ: An Online Neural Learning-Based Method to Enhance Scientific Lossy Compression,Daoce Wang,None
NeurLZ: An Online Neural Learning-Based Method to Enhance Scientific Lossy Compression,Jiannan Tian,None
NeurLZ: An Online Neural Learning-Based Method to Enhance Scientific Lossy Compression,Miao Yin,None
Not All Errors Are Equal: A Systematic Study of Error Propagation in Large Language Model Inference,GS_ONLY,None
Optimization and Learning Algorithms for Classical and Quantum Signal Processing,Max A. Little,None
PRISM: An Efficient GPU-Based Lossy Compression Framework for Progressive Data Retrieval with Multi-Level Interpolation,Bing Lu,None
PRISM: An Efficient GPU-Based Lossy Compression Framework for Progressive Data Retrieval with Multi-Level Interpolation,Zedong Liu,None
PRISM: An Efficient GPU-Based Lossy Compression Framework for Progressive Data Retrieval with Multi-Level Interpolation,Hairui Zhao,None
PRISM: An Efficient GPU-Based Lossy Compression Framework for Progressive Data Retrieval with Multi-Level Interpolation,Dejun Luo,None
PRISM: An Efficient GPU-Based Lossy Compression Framework for Progressive Data Retrieval with Multi-Level Interpolation,Wenjing Huang,None
PRISM: An Efficient GPU-Based Lossy Compression Framework for Progressive Data Retrieval with Multi-Level Interpolation,Yida Gu,None
PRISM: An Efficient GPU-Based Lossy Compression Framework for Progressive Data Retrieval with Multi-Level Interpolation,Jinyang Liu,None
PRISM: An Efficient GPU-Based Lossy Compression Framework for Progressive Data Retrieval with Multi-Level Interpolation,Guangming Tan,None
PRISM: An Efficient GPU-Based Lossy Compression Framework for Progressive Data Retrieval with Multi-Level Interpolation,Dingwen Tao,None
Parallelized 0/1 Knapsack Algorithm Optimization in CPU-GPU-Based Heterogeneous System with Algorithm-based Fault Tolerance,Marzan Binte Abid,None
Parallelized 0/1 Knapsack Algorithm Optimization in CPU-GPU-Based Heterogeneous System with Algorithm-based Fault Tolerance,Shuvo Shaha,None
Parallelized 0/1 Knapsack Algorithm Optimization in CPU-GPU-Based Heterogeneous System with Algorithm-based Fault Tolerance,Upama Kabir,None
Parallelized 0/1 Knapsack Algorithm Optimization in CPU-GPU-Based Heterogeneous System with Algorithm-based Fault Tolerance,Md. Fahim Arefin,None
Prediction model for compressive strength of high-performance concrete based on feature Tokenizer transformer and integrated optimization mechanisms,Linghui Kong,None
Prediction model for compressive strength of high-performance concrete based on feature Tokenizer transformer and integrated optimization mechanisms,Ya Wei,None
Pushing the limits of GPU lossy compression: A hierarchical delta approach,Boyuan Zhang,None
Pushing the limits of GPU lossy compression: A hierarchical delta approach,Yafan Huang,None
Pushing the limits of GPU lossy compression: A hierarchical delta approach,Sheng Di,None
Pushing the limits of GPU lossy compression: A hierarchical delta approach,Fengguang Song,None
Pushing the limits of GPU lossy compression: A hierarchical delta approach,Guanpeng Li,None
Pushing the limits of GPU lossy compression: A hierarchical delta approach,Franck Cappello,None
QPET: A Versatile and Portable Quantity-of-Interest-Preservation Framework for Error-Bounded Lossy Compression,Jinyang Liu,None
QPET: A Versatile and Portable Quantity-of-Interest-Preservation Framework for Error-Bounded Lossy Compression,Pu Jiao,None
QPET: A Versatile and Portable Quantity-of-Interest-Preservation Framework for Error-Bounded Lossy Compression,Kai Zhao,None
QPET: A Versatile and Portable Quantity-of-Interest-Preservation Framework for Error-Bounded Lossy Compression,Xin Liang,None
QPET: A Versatile and Portable Quantity-of-Interest-Preservation Framework for Error-Bounded Lossy Compression,Sheng Di,None
QPET: A Versatile and Portable Quantity-of-Interest-Preservation Framework for Error-Bounded Lossy Compression,Franck Cappello,None
RNN beamforming optimizer for rate-splitting multiple access and cell-free massive MIMO,Jeremy Johnston,None
RNN beamforming optimizer for rate-splitting multiple access and cell-free massive MIMO,Xiaodong Wang,None
RetryTrigger: intelligent inference duplication for enhancing LLM resilience to hardware transient faults,Jiajia Jiao,None
RetryTrigger: intelligent inference duplication for enhancing LLM resilience to hardware transient faults,Yixu Yu,None
RetryTrigger: 面向硬件瞬态故障的大语言模型智能推理重试容错方法,GS_ONLY,None
SCORPIO: A Parallel I/O library for Exascale Earth System Models,Jayesh Krishna,None
SCORPIO: A Parallel I/O library for Exascale Earth System Models,Danqing Wu,None
SCORPIO: A Parallel I/O library for Exascale Earth System Models,Robert Jacob,None
SCORPIO: A Parallel I/O library for Exascale Earth System Models,Dmitry Ganyushin,None
SEVI: Silent Data Corruption of Vector Instructions in Hyper-Scale Datacenters,Yixuan Mei,None
SEVI: Silent Data Corruption of Vector Instructions in Hyper-Scale Datacenters,Shreya Varshini,None
SEVI: Silent Data Corruption of Vector Instructions in Hyper-Scale Datacenters,Harish Dixit,None
SEVI: Silent Data Corruption of Vector Instructions in Hyper-Scale Datacenters,Sriram Sankar,None
SEVI: Silent Data Corruption of Vector Instructions in Hyper-Scale Datacenters,K. V. Rashmi,None
SSFFT: Energy-Efficient Selective Scaling for Fast Fourier Transform in Embedded GPUs,Dongwon Yang,None
SSFFT: Energy-Efficient Selective Scaling for Fast Fourier Transform in Embedded GPUs,Jaebeom Jeon,None
SSFFT: Energy-Efficient Selective Scaling for Fast Fourier Transform in Embedded GPUs,Minseong Gil,None
SSFFT: Energy-Efficient Selective Scaling for Fast Fourier Transform in Embedded GPUs,Junsu Kim,None
SSFFT: Energy-Efficient Selective Scaling for Fast Fourier Transform in Embedded GPUs,Seondeok Kim,None
SSFFT: Energy-Efficient Selective Scaling for Fast Fourier Transform in Embedded GPUs,Gunjae Koo,None
SSFFT: Energy-Efficient Selective Scaling for Fast Fourier Transform in Embedded GPUs,Myung Kuk Yoon,None
SSFFT: Energy-Efficient Selective Scaling for Fast Fourier Transform in Embedded GPUs,Yunho Oh,None
STZ: A High Quality and High Speed Streaming Lossy Compression Framework for Scientific Data,Marc-André Vef,None
SWARM+: Scalable and Resilient Multi-Agent Consensus for Fully-Decentralized Data-Aware Workload Management,GS_ONLY,None
SWARM: Reimagining scientific workflow management systems in a distributed world,Prasanna Balaprakash,None
SWARM: Reimagining scientific workflow management systems in a distributed world,Krishnan Raghavan,None
SWARM: Reimagining scientific workflow management systems in a distributed world,Franck Cappello,None
SWARM: Reimagining scientific workflow management systems in a distributed world,Ewa Deelman,None
SWARM: Reimagining scientific workflow management systems in a distributed world,Anirban Mandal,None
SWARM: Reimagining scientific workflow management systems in a distributed world,Hongwei Jin,None
SWARM: Reimagining scientific workflow management systems in a distributed world,Imtiaz Mahmud,None
SWARM: Reimagining scientific workflow management systems in a distributed world,Komal Thareja,None
SWARM: Reimagining scientific workflow management systems in a distributed world,Shixun Wu,None
SWARM: Reimagining scientific workflow management systems in a distributed world,Pawel Zuk,None
SWARM: Reimagining scientific workflow management systems in a distributed world,Mariam Kiran,None
SWARM: Reimagining scientific workflow management systems in a distributed world,Zizhong Chen,None
SWARM: Reimagining scientific workflow management systems in a distributed world,Sheng Di,None
SWARM: Reimagining scientific workflow management systems in a distributed world,Kesheng Wu,None
"Scalable Frameworks for Evolving Graph Analytics: Acceleration, Indexing, and Sampling Through Temporal Reuse",GS_ONLY,None
Semi-Amortized Encoder-Decoder Network for Beamforming Over Sparse Large-Scale MIMO Channels,Yubo Zhang,None
Semi-Amortized Encoder-Decoder Network for Beamforming Over Sparse Large-Scale MIMO Channels,Jeremy Johnston,None
Semi-Amortized Encoder-Decoder Network for Beamforming Over Sparse Large-Scale MIMO Channels,Xiaodong Wang,None
Shifting between compute and memory bounds: A compression-enabled roofline model,Ramasoumya Naraparaju,None
Shifting between compute and memory bounds: A compression-enabled roofline model,Tianyu Zhao,None
Shifting between compute and memory bounds: A compression-enabled roofline model,Yanting Hu,None
Shifting between compute and memory bounds: A compression-enabled roofline model,Dongfang Zhao,None
Shifting between compute and memory bounds: A compression-enabled roofline model,Luanzheng Guo,None
Shifting between compute and memory bounds: A compression-enabled roofline model,Nathan Tallent,None
Smart scheduling and routing for data acquisition networks,Eloïse Stein,None
Summary Statistics of Large-scale Model Outputs for Observation-corrected Outputs,GS_ONLY,None
Synergistic Deep Learning Framework for Forecasting Power Outages,Subhabrata Das,None
Synergistic Deep Learning Framework for Forecasting Power Outages,Bodruzzaman Khan,None
Synergistic Deep Learning Framework for Forecasting Power Outages,Xiao-Yang Liu,None
Szops: Scalar operations for error-bounded lossy compressor for scientific data,Tripti Agarwal,None
Szops: Scalar operations for error-bounded lossy compressor for scientific data,Sheng Di,None
Szops: Scalar operations for error-bounded lossy compressor for scientific data,Jiajun Huang,None
Szops: Scalar operations for error-bounded lossy compressor for scientific data,Yafan Huang,None
Szops: Scalar operations for error-bounded lossy compressor for scientific data,Ganesh Gopalakrishnan,None
Szops: Scalar operations for error-bounded lossy compressor for scientific data,Robert Underwood,None
Szops: Scalar operations for error-bounded lossy compressor for scientific data,Kai Zhao,None
Szops: Scalar operations for error-bounded lossy compressor for scientific data,Xin Liang,None
Szops: Scalar operations for error-bounded lossy compressor for scientific data,Guanpeng Li,None
Szops: Scalar operations for error-bounded lossy compressor for scientific data,Franck Cappello,None
Task-Adaptive Scientific Error-Bounded Lossy Compression,GS_ONLY,None
The (r) evolution of scientific workflows in the agentic ai era: Towards autonomous science,GS_ONLY,None
Tight Lower Bounds on The Single-Error Detection Threshold for Analog Error-Correcting Codes,GS_ONLY,None
Time-varying Vector Field Compression with Preserved Critical Point Trajectories,GS_ONLY,None
TopcDB: Two-Phase Compactable Lossy Compression for Timeseries Databases,Zijian Jiang,None
TopcDB: Two-Phase Compactable Lossy Compression for Timeseries Databases,Peiquan Jin,None
Toward Efficient and Scalable Scientific Data Management through Quality-oriented Data Compression,GS_ONLY,None
Transformer-based Scalable Beamforming Optimization via Deep Residual Learning,GS_ONLY,None
Tspsz: An efficient parallel error-bounded lossy compressor for topological skeleton preservation,Mingze Xia,None
Tspsz: An efficient parallel error-bounded lossy compressor for topological skeleton preservation,Bei Wang,None
Tspsz: An efficient parallel error-bounded lossy compressor for topological skeleton preservation,Yuxiao Li,None
Tspsz: An efficient parallel error-bounded lossy compressor for topological skeleton preservation,Pu Jiao,None
Tspsz: An efficient parallel error-bounded lossy compressor for topological skeleton preservation,Xin Liang,None
Tspsz: An efficient parallel error-bounded lossy compressor for topological skeleton preservation,Hanqi Guo,None
Turbofft: Co-designed high-performance and fault-tolerant fast fourier transform on gpus,Shixun Wu,None
Turbofft: Co-designed high-performance and fault-tolerant fast fourier transform on gpus,Yujia Zhai,None
Turbofft: Co-designed high-performance and fault-tolerant fast fourier transform on gpus,Jinyang Liu,None
Turbofft: Co-designed high-performance and fault-tolerant fast fourier transform on gpus,Jiajun Huang,None
Turbofft: Co-designed high-performance and fault-tolerant fast fourier transform on gpus,Zizhe Jian,None
Turbofft: Co-designed high-performance and fault-tolerant fast fourier transform on gpus,Huangliang Dai,None
Turbofft: Co-designed high-performance and fault-tolerant fast fourier transform on gpus,Sheng Di,None
Turbofft: Co-designed high-performance and fault-tolerant fast fourier transform on gpus,Franck Cappello,None
Turbofft: Co-designed high-performance and fault-tolerant fast fourier transform on gpus,Zizhong Chen,None
Turbofno: High-performance fourier neural operator with fused fft-gemm-ifft on gpu,Arjun Parab,None
UTOPIA: Unlearnable Tabular Data via Decoupled Shortcut Embedding,GS_ONLY,None
Unsupervised Incremental Learning Using Confidence-Based Pseudo-Labels,GS_ONLY,None
"VEUGM: Verifiable, Efficient and Universal GPU Performance Measurement in the Cloud",Chenhan Yan,None
"VEUGM: Verifiable, Efficient and Universal GPU Performance Measurement in the Cloud",Zhicheng Xu,None
"VEUGM: Verifiable, Efficient and Universal GPU Performance Measurement in the Cloud",Xiaoli Zhang,None
"VEUGM: Verifiable, Efficient and Universal GPU Performance Measurement in the Cloud",Chengkai Chen,None
"VEUGM: Verifiable, Efficient and Universal GPU Performance Measurement in the Cloud",Hongbing Cheng,None
Variable rate neural compression for sparse detector data,Yi Huang,None
Variable rate neural compression for sparse detector data,Yeonju Go,None
Variable rate neural compression for sparse detector data,Jin Huang,None
Variable rate neural compression for sparse detector data,Shuhang Li,None
Variable rate neural compression for sparse detector data,Xihaier Luo,None
Variable rate neural compression for sparse detector data,Thomas Marshall,None
Variable rate neural compression for sparse detector data,Joseph  D. Osborn,None
Variable rate neural compression for sparse detector data,Christopher Pinkenburg,None
Variable rate neural compression for sparse detector data,Yihui Ren,None
Variable rate neural compression for sparse detector data,Evgeny Shulga,None
Variable rate neural compression for sparse detector data,Shinjae Yoo,None
Variable rate neural compression for sparse detector data,Byung-Jun Yoon,None
What to Support When You're Compressing,GS_ONLY,None
What to Support When You're Compressing: The State of Practice Gaps and Opportunities for Scientific Data Compression,GS_ONLY,None
ZCCL: Significantly improving collective communication with error-bounded lossy compression,GS_ONLY,None
[BOOK][B] GPU-Accelerated Error-Bounded Lossy Compression for Scientific Data Toward Exascale Computing,GS_ONLY,None
[BOOK][B] ZCCL: Advancing Exascale Collective Communications with Co-Designed Compression,GS_ONLY,None
[CITATION][C] Session Summary Podcast: Session 15: Machine Learning: Methods,GS_ONLY,None
"[CITATION][C] Session Summary Podcast: Session 17: Anomaly Detection, Failure Management, and Resilience 1",GS_ONLY,None
[CITATION][C] Session Summary Podcast: Session 33: Compression and Data Reduction 2,GS_ONLY,None
cuhpx: Gpu-accelerated differentiable spherical harmonic transforms on healpix grids,GS_ONLY,None
ghzccl: Advancing gpu-aware collective communications with homomorphic compression,Jiajun Huang,None
ghzccl: Advancing gpu-aware collective communications with homomorphic compression,Sheng Di,None
ghzccl: Advancing gpu-aware collective communications with homomorphic compression,Yafan Huang,None
ghzccl: Advancing gpu-aware collective communications with homomorphic compression,Zizhong Chen,None
ghzccl: Advancing gpu-aware collective communications with homomorphic compression,Franck Cappello,None
ghzccl: Advancing gpu-aware collective communications with homomorphic compression,Yanfei Guo,None
ghzccl: Advancing gpu-aware collective communications with homomorphic compression,Rajeev Thakur,None
gzccl: Compression-accelerated collective communication framework for gpu clusters,Jiajun Huang,None
gzccl: Compression-accelerated collective communication framework for gpu clusters,Sheng Di,None
gzccl: Compression-accelerated collective communication framework for gpu clusters,Xiaodong Yu,None
gzccl: Compression-accelerated collective communication framework for gpu clusters,Yujia Zhai,None
gzccl: Compression-accelerated collective communication framework for gpu clusters,Jinyang Liu,None
gzccl: Compression-accelerated collective communication framework for gpu clusters,Yafan Huang,None
gzccl: Compression-accelerated collective communication framework for gpu clusters,Ken Raffenetti,None
gzccl: Compression-accelerated collective communication framework for gpu clusters,Hui Zhou,None
gzccl: Compression-accelerated collective communication framework for gpu clusters,Kai Zhao,None
gzccl: Compression-accelerated collective communication framework for gpu clusters,Xiaoyi Lu,None
gzccl: Compression-accelerated collective communication framework for gpu clusters,Zizhong Chen,None
gzccl: Compression-accelerated collective communication framework for gpu clusters,Franck Cappello,None
gzccl: Compression-accelerated collective communication framework for gpu clusters,Yanfei Guo,None
gzccl: Compression-accelerated collective communication framework for gpu clusters,Rajeev Thakur,None
hzccl: Accelerating collective communication with co-designed homomorphic compression,Jiajun Huang,None
hzccl: Accelerating collective communication with co-designed homomorphic compression,Sheng Di,None
hzccl: Accelerating collective communication with co-designed homomorphic compression,Xiaodong Yu,None
hzccl: Accelerating collective communication with co-designed homomorphic compression,Yujia Zhai,None
hzccl: Accelerating collective communication with co-designed homomorphic compression,Jinyang Liu,None
hzccl: Accelerating collective communication with co-designed homomorphic compression,Zizhe Jian,None
hzccl: Accelerating collective communication with co-designed homomorphic compression,Xin Liang,None
hzccl: Accelerating collective communication with co-designed homomorphic compression,Kai Zhao,None
hzccl: Accelerating collective communication with co-designed homomorphic compression,Xiaoyi Lu,None
hzccl: Accelerating collective communication with co-designed homomorphic compression,Zizhong Chen,None
hzccl: Accelerating collective communication with co-designed homomorphic compression,Franck Cappello,None
hzccl: Accelerating collective communication with co-designed homomorphic compression,Yanfei Guo,None
hzccl: Accelerating collective communication with co-designed homomorphic compression,Rajeev Thakur,None
lsCOMP: Efficient Light Source Compression,Arjun Parab,None
{FlexPipe}: Maximizing training efficiency for transformer-based models with {Variable-Length} inputs,GS_ONLY,None
面向大规模 DNN 训练场景的容错技术综述.,GS_ONLY,None
